,pep_ID,alias,sequence,length,EC50_T1,EC50_LOG_T1,EC50_T2,EC50_LOG_T2
98,seq_pep98,training_data,HAETFTSDVSSYLEGQAAKEFIAWLVKGR,29,33400,-7.48,33400,-7.48
103,seq_pep103,training_data,HAEGTFTSVSSYLEGQAAKEFIAWLVKGR,29,32800,-7.48,32800,-7.48
18,seq_pep18,training_data,YAEGTFISDYSIAADKIHQQDFVNWLLAQK,30,29900,-7.52,29900,-7.52
125,seq_pep125,training_data,HGEGTFTSDLSKQMDFESLVLFLEWLDNG,29,1110,-8.95,30200,-7.52
123,seq_pep123,training_data,HGEGTFTSDVSSYMEPQSTDEFIAWLLKGR,30,29500,-7.53,29500,-7.53
100,seq_pep100,training_data,HAEGTTSDVSSYLEGQAAKEFIAWLVKGR,29,29000,-7.54,29000,-7.54
119,seq_pep119,training_data,TNMLWQVFDQARRSDLYKSYDSTFTGQSH,29,28700,-7.54,28700,-7.54
14,seq_pep14,training_data,YAEGTFISDYSIAEDKIHQQDFVNWLLAQK,30,28000,-7.55,28000,-7.55
16,seq_pep16,training_data,YAEGTFISDYSIARDKIHQQDFVNWLLAQK,30,28200,-7.55,28200,-7.55
102,seq_pep102,training_data,HAEGTFTDVSSYLEGQAAKEFIAWLVKGR,29,27900,-7.55,27900,-7.55
23,seq_pep23,training_data,YAEGTFISDYSISMDKIHQQDFVNWLLAQK,30,26800,-7.57,26800,-7.57
49,seq_pep49,training_data,HGDGSFSDEMNTILDNQAARDFINWLIQTKITD,33,26600,-7.58,26600,-7.58
21,seq_pep21,training_data,YAEGTFISDYSIRMDKIHQQDFVNWLLAQK,30,25800,-7.59,25800,-7.59
17,seq_pep17,training_data,YAEGTFISDYSIAFDKIHQQDFVNWLLAQK,30,25300,-7.6,25300,-7.6
20,seq_pep20,training_data,YAEGTFISDYSIKMDKIHQQDFVNWLLAQK,30,25100,-7.6,25100,-7.6
15,seq_pep15,training_data,YAEGTFISDYSIAKDKIHQQDFVNWLLAQK,30,24700,-7.61,24700,-7.61
22,seq_pep22,training_data,YAEGTFISDYSIFMDKIHQQDFVNWLLAQK,30,1630,-8.79,24000,-7.62
19,seq_pep19,training_data,YAEGTFISDYSIEMDKIHQQDFVNWLLAQK,30,23500,-7.63,23500,-7.63
59,seq_pep59,training_data,YAPGTFISDYSIAMDKIHQQDFVNWLLAQKGKKNDWKHNITQ,42,18200,-7.74,18200,-7.74
95,seq_pep95,training_data,HQGTFTSDYSKYLDSRRASEFVQWLISE,28,210,-9.68,17600,-7.75
72,seq_pep72,training_data,HAEGTFTSDVSSYLEGQAEFIAWLVKGR,28,11000,-7.96,11000,-7.96
106,seq_pep106,training_data,HAEGTFTSDVSSLEGQAAKEFIAWLVKGR,29,35500,-7.45,9920,-8
110,seq_pep110,training_data,HAEGTFTSDVSSYLEGQAAKEIAWLVKGR,29,29200,-7.53,8920,-8.05
50,seq_pep50,training_data,HGDGSFSDEMNTILDGQAARDFINWLIQTKITD,33,22400,-7.65,6510,-8.19
111,seq_pep111,training_data,HAEGTFTSDVSSYLEGQAAKEFAWLVKGR,29,18500,-7.73,6380,-8.2
99,seq_pep99,training_data,HAEGFTSDVSSYLEGQAAKEFIAWLVKGR,29,7640,-8.12,6280,-8.2
107,seq_pep107,training_data,HAEGTFTSDVSSYEGQAAKEFIAWLVKGR,29,36700,-7.44,6020,-8.22
45,seq_pep45,training_data,YAEGTFISDYSIAMDKIHQQDFVNWLLAGGGPSSGAPPPSK,41,21200,-7.67,6000,-8.22
104,seq_pep104,training_data,HAEGTFTSDSSYLEGQAAKEFIAWLVKGR,29,29700,-7.53,5420,-8.27
101,seq_pep101,training_data,HAEGTFSDVSSYLEGQAAKEFIAWLVKGR,29,14000,-7.85,5400,-8.27
78,seq_pep78,training_data,HRQGTFTSDYSKYLDSERARDFVQWLVAGG,30,27700,-7.56,2750,-8.56
109,seq_pep109,training_data,HAEGTFTSDVSSYLEQAAKEFIAWLVKGR,29,24700,-7.61,2590,-8.59
75,seq_pep75,training_data,HAEGTFTSDVSSYLEAAKEFIAWLVKGR,28,6600,-8.18,2060,-8.69
108,seq_pep108,training_data,HAEGTFTSDVSSYLGQAAKEFIAWLVKGR,29,29100,-7.54,2010,-8.7
71,seq_pep71,training_data,HAEGTFTSDVSSYLEGAAKEFIAWLVKGR,29,35600,-7.45,1900,-8.72
97,seq_pep97,training_data,HAGTFTSDVSSYLEGQAAKEFIAWLVKGR,29,26500,-7.58,1680,-8.77
6,seq_pep6,training_data,HSQGTFTSDYSKYLDSRRAQDFVQWLEAEE,30,8.25,-11.08,1610,-8.79
70,seq_pep70,training_data,HAEGTFTSDVSSYLEGQAAKFIAWLVKGR,29,28200,-7.55,1320,-8.88
105,seq_pep105,training_data,HAEGTFTSDVSYLEGQAAKEFIAWLVKGR,29,23800,-7.62,1320,-8.88
53,seq_pep53,training_data,HAEGTFTKDVSSYLEGQAAKEFIAWLVKGR,30,27700,-7.56,1100,-8.96
77,seq_pep77,training_data,HAEGTFTSDVSSYLEAEFIAWLVKGR,26,32600,-7.49,1050,-8.98
96,seq_pep96,training_data,HEGTFTSDVSSYLEGQAAKEFIAWLVKGR,29,25500,-7.59,906,-9.04
39,seq_pep39,training_data,YAEGTFTSDYSIYEDKQAAQEFVNWLLAGGPSSGAPPPS,39,19700,-7.71,913,-9.04
48,seq_pep48,training_data,HGEGTFTSDLSKQMEEECARLFIEWLKNGGPSSGAPPPGCG,41,35700,-7.45,775,-9.11
120,seq_pep120,training_data,RGKVLWAIFEKAAQGELYSSVDSTFTGEAH,30,26200,-7.58,629,-9.2
124,seq_pep124,training_data,HGEGTFTSDVSSYMDFQSLVEFLAWLLKGR,30,29200,-7.53,598,-9.22
1,seq_pep1,training_data,HSQGTFTSDYSKYLDSRRAQDFVQWLEEGE,30,3.75,-11.43,563,-9.25
2,seq_pep2,training_data,HSQGTFTSDYSKYLDSRRAEDFVQWLENGE,30,18.5,-10.73,552,-9.26
73,seq_pep73,training_data,HAEGTFTSDVSSYLEGQAKEFIAWLVKGR,29,16700,-7.78,543,-9.27
46,seq_pep46,training_data,AHSQGTFTSDYSKYLDSRAAAAFVQWLMNT,30,337,-9.47,414,-9.38
31,seq_pep31,training_data,YAEGTFTSDYSIYLDKQAAQEFVNWLEAGGPSSGAPPPS,39,24200,-7.62,332,-9.48
76,seq_pep76,training_data,HAEGTFTSDVSSYLEAAEFIAWLVKGR,27,1630,-8.79,328,-9.48
112,seq_pep112,training_data,HAEGTFTSDVSSYLEGQAAKEFIWLVKGR,29,25200,-7.6,315,-9.5
74,seq_pep74,training_data,HAEGTFTSDVSSYLEGQAAEFIAWLVKGR,29,35400,-7.45,300,-9.52
33,seq_pep33,training_data,YAEGTFTSDYSIYLDKQAREEFVNWLLAGGPSSGAPPPS,39,21100,-7.68,253,-9.6
3,seq_pep3,training_data,HSQGTFTSDYSKYLDSRRAEDFVQWLENT,29,3.51,-11.45,252,-9.6
5,seq_pep5,training_data,HSQGTFTSDYSKYLDSRRAQDFVQWLEAEG,30,2.87,-11.54,238,-9.62
41,seq_pep41,training_data,YAEGTFTSDYSITLDKQAAQEFVNWLLAGGPSSGAPPPS,39,12500,-7.9,234,-9.63
29,seq_pep29,training_data,HAYSEGTFTSDYSIYLDKEAAAAFVQWLVAGGPSSGAPPPS,41,21200,-7.67,206,-9.69
113,seq_pep113,training_data,HAEGTFTSDVSSYLEGQAAKEFIALVKGR,29,12200,-7.91,196,-9.71
32,seq_pep32,training_data,YAEGTFTSDYSIYLDKQAEREFVNWLLAGGPSSGAPPPS,39,14500,-7.84,145,-9.84
37,seq_pep37,training_data,YAEGTFTSDYSIYLDIEAAQEFVNWLLAGGPSSGAPPPS,39,20100,-7.7,98.7,-10.01
40,seq_pep40,training_data,YAEGTFTSDYSIYRDKQAAQEFVNWLLAGGPSSGAPPPS,39,21200,-7.67,88.1,-10.05
57,seq_pep57,training_data,HAEGTFTSDVDSYLEGQAAKEFIAWLVKGR,30,97.2,-10.01,71.3,-10.15
30,seq_pep30,training_data,YAEGTFTSDYSEYLDKQAAQEFVNWLLAGGPSSGAPPPS,39,20800,-7.68,61.9,-10.21
8,seq_pep8,training_data,YAEGTFTSDYSIALEGQAAKEFIAWLVKGR,30,29000,-7.54,58.2,-10.24
47,seq_pep47,training_data,AHSQGTFTSDYSKYLDSRAAAAFVQWLVAGGPSSGAPPPS,40,1440,-8.84,51.8,-10.29
54,seq_pep54,training_data,HAEGTFTTDVSSYLEGQAAKEFIAWLVKGR,30,28500,-7.55,45.5,-10.34
55,seq_pep55,training_data,HAEGTFTSDVLSYLEGQAAKEFIAWLVKGR,30,27100,-7.57,40.7,-10.39
35,seq_pep35,training_data,YAEGTFTSDYSIYLDEQAAQEFVNWLLAGGPSSGAPPPS,39,22300,-7.65,27.9,-10.55
88,seq_pep88,training_data,HSQGTFTSEYSKYLDSERARDFVQWLVAGG,30,874,-9.06,23.2,-10.63
68,seq_pep68,training_data,HSQGTFTSDYSKYLDSASASDFVQWLVAGG,30,1430,-8.84,19.5,-10.71
51,seq_pep51,training_data,HAEGTFTDDVSSYLEGQAAKEFIAWLVKGR,30,27900,-7.55,18.3,-10.74
36,seq_pep36,training_data,YAEGTFTSDYSIYLDEIAAQEFVNWLLAGGPSSGAPPPS,39,19600,-7.71,17.6,-10.75
12,seq_pep12,training_data,HSQGTFTSDYSKYLDSRCAAAFVQWLLNGGPSSGAPPPGCG,41,435,-9.36,13.5,-10.87
34,seq_pep34,training_data,YAEGTFTSDYSIYLDRQAAQEFVNWLLAGGPSSGAPPPS,39,2830,-8.55,12.2,-10.91
9,seq_pep9,training_data,YSEGTFTSDYSKLLEEEAVRLFIEWLVKGP,30,2370,-8.63,11.3,-10.95
87,seq_pep87,training_data,HSQGTFTSDYSKYLDSERARDFVQWLISEGPSSGAPPPS,39,14.1,-10.85,10.5,-10.98
121,seq_pep121,training_data,HGEGTFTSDVSSYMERQSVDEFIAWLLKGR,30,29000,-7.54,9.62,-11.02
116,seq_pep116,training_data,HAEGTFTSDVSSYLEGQAAKEFIAWLVGR,29,10200,-7.99,9.53,-11.02
13,seq_pep13,training_data,HSQGTFTSDYSKYLDSRKAAAFVQWLLNGGPSSGAPPPGEG,41,29.3,-10.53,9.49,-11.02
89,seq_pep89,training_data,HSQGTFTSDYSKYLDSERASEFVQWLISE,29,2.6,-11.59,9.4,-11.03
86,seq_pep86,training_data,HSQGTFTSDYSKYLDSERARDFVQWLISE,29,2.86,-11.54,9.01,-11.05
28,seq_pep28,training_data,LHAEGTFTSDVSSYLEGQAAKEFIAWLVKGRG,32,26400,-7.58,8.72,-11.06
42,seq_pep42,training_data,YAEGTFTSDYSIYLDKQAAEAFVNWLLAGGPSSGAPPPS,39,6850,-8.16,8.3,-11.08
122,seq_pep122,training_data,HGEGTFTSDVSSYMESQLVDEFIAWLLKGR,30,29400,-7.53,7.94,-11.1
25,seq_pep25,training_data,YSEGTFTSDLSILKEKEANREFVNWLLAGGPSSGAPPPS,39,7870,-8.1,7.55,-11.12
44,seq_pep44,training_data,YAEGTFTSDYSIYLDKEAAAAFVQWLVAGGPSSGAPPPS,39,20900,-7.68,7.34,-11.13
91,seq_pep91,training_data,HSQGTFTSDYSEYLDSRRASEFVQWLISE,29,21,-10.68,7.16,-11.15
114,seq_pep114,training_data,HAEGTFTSDVSSYLEGQAAKEFIAWVKGR,29,22100,-7.66,6.84,-11.16
62,seq_pep62,training_data,HSQGTFTSDYSKYLDSRRASEFVQWLISE,29,1.85,-11.73,6.9,-11.16
61,seq_pep61,training_data,HSQGTFTSDYSKYLDSRRASEFVQWLIAE,29,1.59,-11.8,6.85,-11.16
38,seq_pep38,training_data,YAEGTFTSDYSIYLDIKAAQEFVNWLLAGGPSSGAPPPS,39,2720,-8.57,6.62,-11.18
90,seq_pep90,training_data,HSQGTFTSDYSKYLDSIRASEFVQWLISE,29,0.92,-12.03,6.42,-11.19
94,seq_pep94,training_data,HSIGTFTSDYSKYLDSRRASEFVQWLISE,29,2.77,-11.56,6.28,-11.2
52,seq_pep52,training_data,HAEGTFTADVSSYLEGQAAKEFIAWLVKGR,30,29200,-7.53,5.98,-11.22
4,seq_pep4,training_data,HSQGTFTSDYSKYLDSRRAEDFVQWLVAGGSGSGSG,36,50.5,-10.3,6.03,-11.22
63,seq_pep63,training_data,HSQGTFTSDYSKYLDRAAASDFVQWLVAGG,30,85.1,-10.07,5.51,-11.26
67,seq_pep67,training_data,HSQGTFTSDYSKYLDSEAASDFVQWLVAGG,30,481,-9.32,5,-11.3
24,seq_pep24,training_data,YSEGTFTSDYSKLKEEEANRLFIEWLLAGGPSSGAPPPS,39,15300,-7.82,4.91,-11.31
92,seq_pep92,training_data,HSQGTFTSDYSRYLDSRRASEFVQWLISE,29,0.83,-12.08,4.47,-11.35
80,seq_pep80,training_data,HSMGTFTSDYSKYLDSERARDFVQWLVAGG,30,101,-10,4.27,-11.37
81,seq_pep81,training_data,HSQGTFTSDYSEYLDSERARDFVQWLVAGG,30,700,-9.15,4.18,-11.38
66,seq_pep66,training_data,HSQGTFTSDYSKYLDEAAASDFVQWLVAGG,30,395,-9.4,3.89,-11.41
83,seq_pep83,training_data,HSQGTFTSDYSKYLDSERAREFVQWLVAGG,30,3.59,-11.44,3.88,-11.41
82,seq_pep82,training_data,HSQGTFTSDYSKYLESERARDFVQWLVAGG,30,57.1,-10.24,3.71,-11.43
69,seq_pep69,training_data,HSQGTFTSDYSKYLDSERARDFVQWLVAGG,30,12.9,-10.89,3.69,-11.43
84,seq_pep84,training_data,HSQGTFTSDYSKYLDSERARDFVEWLVAGG,30,6.07,-11.22,3.26,-11.49
65,seq_pep65,training_data,HSQGTFTSDYSKYLDSRSASDFVQWLVAGG,30,204,-9.69,3.17,-11.5
60,seq_pep60,training_data,HSQGTFTSDYSKYLDSRRASEFVQWLISG,29,0.83,-12.08,3.19,-11.5
43,seq_pep43,training_data,YAEGTFTSDYSIYLDKQAAYEFVNWLLAGGPSSGAPPPS,39,738,-9.13,2.9,-11.54
79,seq_pep79,training_data,HSIGTFTSDYSKYLDSERARDFVQWLVAGG,30,68.1,-10.17,2.91,-11.54
64,seq_pep64,training_data,HSQGTFTSDYSKYLDSRSARDFVQWLVAGG,30,114,-9.94,2.85,-11.55
85,seq_pep85,training_data,HSQGTFTSDYSKYLDSERARDFVAWLVAGG,30,5.93,-11.23,2.8,-11.55
118,seq_pep118,training_data,HSQGTFTSDYSKYLEEEAVRLFICWLMNT,29,51.6,-10.29,2.61,-11.58
56,seq_pep56,training_data,HAEGTFTSDVSAYLEGQAAKEFIAWLVKGR,30,27200,-7.57,2.32,-11.63
10,seq_pep10,training_data,HSQGTFTSDYSKYLDSRAAACFVQWLLNGGPSSGAPPCGG,40,6.59,-11.18,2.33,-11.63
115,seq_pep115,training_data,HAEGTFTSDVSSYLEGQAAKEFIAWLKGR,29,25000,-7.6,2.12,-11.67
27,seq_pep27,training_data,YSEGTFTSDYSKLLERQAIDEFVNWLLKGGPSSGAPPPS,39,2040,-8.69,1.93,-11.71
58,seq_pep58,training_data,HAEGTFTSDVASYLEGQAAKEFIAWLVKGR,30,26900,-7.57,1.76,-11.75
93,seq_pep93,training_data,HSQGTFTSDYSKYLDSRAASEFVQWLISE,29,2.11,-11.68,1.57,-11.8
11,seq_pep11,training_data,HSQGTFTSDYSKYLDSRAAAKFVQWLLNGGPSSGAPPEGG,40,4.71,-11.33,1.49,-11.83
7,seq_pep7,training_data,YSQGTFTSDYSKYLEEEAVRLFIEWLLAG,29,10.1,-11,1.06,-11.97
26,seq_pep26,training_data,YSEGTFTSDYSKLLEEEAVRDFIEWLLAGGPSSGAPPPS,39,608,-9.22,1.03,-11.99
117,seq_pep117,training_data,HAEGTFTSDVSSYLEGQAAKEFIAWLVKR,29,9280,-8.03,0.96,-12.02
