pep_ID,sequence,aligned_sequence,EC50_T1,EC50_LOG_T1,EC50_T2,EC50_LOG_T2,EC50_T3,EC50_LOG_T3
seq_pep1,HSQGTFTSDYSKYLDSRRAQDFVQWLEEGE,HSQGTFTSDYSKYLDSRRAQDFVQWLEEGE,3.75,-11.43,563,-9.25,,
seq_pep2,HSQGTFTSDYSKYLDSRRAEDFVQWLENGE,HSQGTFTSDYSKYLDSRRAEDFVQWLENGE,18.5,-10.73,552,-9.26,,
seq_pep3,HSQGTFTSDYSKYLDSRRAEDFVQWLENT,HSQGTFTSDYSKYLDSRRAEDFVQWLENT-,3.51,-11.45,252,-9.6,,
seq_pep4,HSQGTFTSDYSKYLDSRRAEDFVQWLVAGGSGSGSG,HSQGTFTSDYSKYLDSRRAEDFVQWLVAGG,50.5,-10.3,6.03,-11.22,,
seq_pep5,HSQGTFTSDYSKYLDSRRAQDFVQWLEAEG,HSQGTFTSDYSKYLDSRRAQDFVQWLEAEG,2.87,-11.54,238,-9.62,,
seq_pep6,HSQGTFTSDYSKYLDSRRAQDFVQWLEAEE,HSQGTFTSDYSKYLDSRRAQDFVQWLEAEE,8.25,-11.08,1610,-8.79,,
seq_pep7,YSQGTFTSDYSKYLEEEAVRLFIEWLLAG,YSQGTFTSDYSKYLEEEAVRLFIEWLLAG-,10.1,-11,1.06,-11.97,,
seq_pep8,YAEGTFTSDYSIALEGQAAKEFIAWLVKGR,YAEGTFTSDYSIALEGQAAKEFIAWLVKGR,29000,-7.54,58.2,-10.24,,
seq_pep9,YSEGTFTSDYSKLLEEEAVRLFIEWLVKGP,YSEGTFTSDYSKLLEEEAVRLFIEWLVKGP,2370,-8.63,11.3,-10.95,,
seq_pep10,HSQGTFTSDYSKYLDSRAAACFVQWLLNGGPSSGAPPCGG,HSQGTFTSDYSKYLDSRAAACFVQWLLNGG,6.59,-11.18,2.33,-11.63,,
seq_pep11,HSQGTFTSDYSKYLDSRAAAKFVQWLLNGGPSSGAPPEGG,HSQGTFTSDYSKYLDSRAAAKFVQWLLNGG,4.71,-11.33,1.49,-11.83,,
seq_pep12,HSQGTFTSDYSKYLDSRCAAAFVQWLLNGGPSSGAPPPGCG,HSQGTFTSDYSKYLDSRCAAAFVQWLLNGG,435,-9.36,13.5,-10.87,,
seq_pep13,HSQGTFTSDYSKYLDSRKAAAFVQWLLNGGPSSGAPPPGEG,HSQGTFTSDYSKYLDSRKAAAFVQWLLNGG,29.3,-10.53,9.49,-11.02,,
seq_pep14,YAEGTFISDYSIAEDKIHQQDFVNWLLAQK,YAEGTFISDYSIAEDKIHQQDFVNWLLAQK,28000,-7.55,28000,-7.55,,
seq_pep15,YAEGTFISDYSIAKDKIHQQDFVNWLLAQK,YAEGTFISDYSIAKDKIHQQDFVNWLLAQK,24700,-7.61,24700,-7.61,,
seq_pep16,YAEGTFISDYSIARDKIHQQDFVNWLLAQK,YAEGTFISDYSIARDKIHQQDFVNWLLAQK,28200,-7.55,28200,-7.55,,
seq_pep17,YAEGTFISDYSIAFDKIHQQDFVNWLLAQK,YAEGTFISDYSIAFDKIHQQDFVNWLLAQK,25300,-7.6,25300,-7.6,,
seq_pep18,YAEGTFISDYSIAADKIHQQDFVNWLLAQK,YAEGTFISDYSIAADKIHQQDFVNWLLAQK,29900,-7.52,29900,-7.52,,
seq_pep19,YAEGTFISDYSIEMDKIHQQDFVNWLLAQK,YAEGTFISDYSIEMDKIHQQDFVNWLLAQK,23500,-7.63,23500,-7.63,,
seq_pep20,YAEGTFISDYSIKMDKIHQQDFVNWLLAQK,YAEGTFISDYSIKMDKIHQQDFVNWLLAQK,25100,-7.6,25100,-7.6,,
seq_pep21,YAEGTFISDYSIRMDKIHQQDFVNWLLAQK,YAEGTFISDYSIRMDKIHQQDFVNWLLAQK,25800,-7.59,25800,-7.59,,
seq_pep22,YAEGTFISDYSIFMDKIHQQDFVNWLLAQK,YAEGTFISDYSIFMDKIHQQDFVNWLLAQK,1630,-8.79,24000,-7.62,,
seq_pep23,YAEGTFISDYSISMDKIHQQDFVNWLLAQK,YAEGTFISDYSISMDKIHQQDFVNWLLAQK,26800,-7.57,26800,-7.57,,
seq_pep24,YSEGTFTSDYSKLKEEEANRLFIEWLLAGGPSSGAPPPS,YSEGTFTSDYSKLKEEEANRLFIEWLLAGG,15300,-7.82,4.91,-11.31,,
seq_pep25,YSEGTFTSDLSILKEKEANREFVNWLLAGGPSSGAPPPS,YSEGTFTSDLSILKEKEANREFVNWLLAGG,7870,-8.1,7.55,-11.12,,
seq_pep26,YSEGTFTSDYSKLLEEEAVRDFIEWLLAGGPSSGAPPPS,YSEGTFTSDYSKLLEEEAVRDFIEWLLAGG,608,-9.22,1.03,-11.99,,
seq_pep27,YSEGTFTSDYSKLLERQAIDEFVNWLLKGGPSSGAPPPS,YSEGTFTSDYSKLLERQAIDEFVNWLLKGG,2040,-8.69,1.93,-11.71,,
seq_pep28,LHAEGTFTSDVSSYLEGQAAKEFIAWLVKGRG,HAEGTFTSDVSSYLEGQAAKEFIAWLVKGR,26400,-7.58,8.72,-11.06,,
seq_pep29,HAYSEGTFTSDYSIYLDKEAAAAFVQWLVAGGPSSGAPPPS,YSEGTFTSDYSIYLDKEAAAAFVQWLVAGG,21200,-7.67,206,-9.69,,
seq_pep30,YAEGTFTSDYSEYLDKQAAQEFVNWLLAGGPSSGAPPPS,YAEGTFTSDYSEYLDKQAAQEFVNWLLAGG,20800,-7.68,61.9,-10.21,,
seq_pep31,YAEGTFTSDYSIYLDKQAAQEFVNWLEAGGPSSGAPPPS,YAEGTFTSDYSIYLDKQAAQEFVNWLEAGG,24200,-7.62,332,-9.48,,
seq_pep32,YAEGTFTSDYSIYLDKQAEREFVNWLLAGGPSSGAPPPS,YAEGTFTSDYSIYLDKQAEREFVNWLLAGG,14500,-7.84,145,-9.84,,
seq_pep33,YAEGTFTSDYSIYLDKQAREEFVNWLLAGGPSSGAPPPS,YAEGTFTSDYSIYLDKQAREEFVNWLLAGG,21100,-7.68,253,-9.6,,
seq_pep34,YAEGTFTSDYSIYLDRQAAQEFVNWLLAGGPSSGAPPPS,YAEGTFTSDYSIYLDRQAAQEFVNWLLAGG,2830,-8.55,12.2,-10.91,,
seq_pep35,YAEGTFTSDYSIYLDEQAAQEFVNWLLAGGPSSGAPPPS,YAEGTFTSDYSIYLDEQAAQEFVNWLLAGG,22300,-7.65,27.9,-10.55,,
seq_pep36,YAEGTFTSDYSIYLDEIAAQEFVNWLLAGGPSSGAPPPS,YAEGTFTSDYSIYLDEIAAQEFVNWLLAGG,19600,-7.71,17.6,-10.75,,
seq_pep37,YAEGTFTSDYSIYLDIEAAQEFVNWLLAGGPSSGAPPPS,YAEGTFTSDYSIYLDIEAAQEFVNWLLAGG,20100,-7.7,98.7,-10.01,,
seq_pep38,YAEGTFTSDYSIYLDIKAAQEFVNWLLAGGPSSGAPPPS,YAEGTFTSDYSIYLDIKAAQEFVNWLLAGG,2720,-8.57,6.62,-11.18,,
seq_pep39,YAEGTFTSDYSIYEDKQAAQEFVNWLLAGGPSSGAPPPS,YAEGTFTSDYSIYEDKQAAQEFVNWLLAGG,19700,-7.71,913,-9.04,,
seq_pep40,YAEGTFTSDYSIYRDKQAAQEFVNWLLAGGPSSGAPPPS,YAEGTFTSDYSIYRDKQAAQEFVNWLLAGG,21200,-7.67,88.1,-10.05,,
seq_pep41,YAEGTFTSDYSITLDKQAAQEFVNWLLAGGPSSGAPPPS,YAEGTFTSDYSITLDKQAAQEFVNWLLAGG,12500,-7.9,234,-9.63,,
seq_pep42,YAEGTFTSDYSIYLDKQAAEAFVNWLLAGGPSSGAPPPS,YAEGTFTSDYSIYLDKQAAEAFVNWLLAGG,6850,-8.16,8.3,-11.08,,
seq_pep43,YAEGTFTSDYSIYLDKQAAYEFVNWLLAGGPSSGAPPPS,YAEGTFTSDYSIYLDKQAAYEFVNWLLAGG,738,-9.13,2.9,-11.54,,
seq_pep44,YAEGTFTSDYSIYLDKEAAAAFVQWLVAGGPSSGAPPPS,YAEGTFTSDYSIYLDKEAAAAFVQWLVAGG,20900,-7.68,7.34,-11.13,,
seq_pep45,YAEGTFISDYSIAMDKIHQQDFVNWLLAGGGPSSGAPPPSK,YAEGTFISDYSIAMDKIHQQDFVNWLLAGG,21200,-7.67,6000,-8.22,,
seq_pep46,AHSQGTFTSDYSKYLDSRAAAAFVQWLMNT,AHSQGTFTSDYSKYLDSRAAAAFVQWLMNT,337,-9.47,414,-9.38,,
seq_pep47,AHSQGTFTSDYSKYLDSRAAAAFVQWLVAGGPSSGAPPPS,AHSQGTFTSDYSKYLDSRAAAAFVQWLVAG,1440,-8.84,51.8,-10.29,,
seq_pep48,HGEGTFTSDLSKQMEEECARLFIEWLKNGGPSSGAPPPGCG,HGEGTFTSDLSKQMEEECARLFIEWLKNGG,35700,-7.45,775,-9.11,,
seq_pep49,HGDGSFSDEMNTILDNQAARDFINWLIQTKITD,HGDGSFSDEMNTILDNQAARDFINWLIQTK,26600,-7.58,26600,-7.58,,
seq_pep50,HGDGSFSDEMNTILDGQAARDFINWLIQTKITD,HGDGSFSDEMNTILDGQAARDFINWLIQTK,22400,-7.65,6510,-8.19,,
seq_pep51,HAEGTFTDDVSSYLEGQAAKEFIAWLVKGR,HAEGTFTDDVSSYLEGQAAKEFIAWLVKGR,27900,-7.55,18.3,-10.74,,
seq_pep52,HAEGTFTADVSSYLEGQAAKEFIAWLVKGR,HAEGTFTADVSSYLEGQAAKEFIAWLVKGR,29200,-7.53,5.98,-11.22,,
seq_pep53,HAEGTFTKDVSSYLEGQAAKEFIAWLVKGR,HAEGTFTKDVSSYLEGQAAKEFIAWLVKGR,27700,-7.56,1100,-8.96,,
seq_pep54,HAEGTFTTDVSSYLEGQAAKEFIAWLVKGR,HAEGTFTTDVSSYLEGQAAKEFIAWLVKGR,28500,-7.55,45.5,-10.34,,
seq_pep55,HAEGTFTSDVLSYLEGQAAKEFIAWLVKGR,HAEGTFTSDVLSYLEGQAAKEFIAWLVKGR,27100,-7.57,40.7,-10.39,,
seq_pep56,HAEGTFTSDVSAYLEGQAAKEFIAWLVKGR,HAEGTFTSDVSAYLEGQAAKEFIAWLVKGR,27200,-7.57,2.32,-11.63,,
seq_pep57,HAEGTFTSDVDSYLEGQAAKEFIAWLVKGR,HAEGTFTSDVDSYLEGQAAKEFIAWLVKGR,97.2,-10.01,71.3,-10.15,,
seq_pep58,HAEGTFTSDVASYLEGQAAKEFIAWLVKGR,HAEGTFTSDVASYLEGQAAKEFIAWLVKGR,26900,-7.57,1.76,-11.75,,
seq_pep59,YAPGTFISDYSIAMDKIHQQDFVNWLLAQKGKKNDWKHNITQ,YAPGTFISDYSIAMDKIHQQDFVNWLLAQK,18200,-7.74,18200,-7.74,,
seq_pep60,HSQGTFTSDYSKYLDSRRASEFVQWLISG,HSQGTFTSDYSKYLDSRRASEFVQWLISG-,0.83,-12.08,3.19,-11.5,,
seq_pep61,HSQGTFTSDYSKYLDSRRASEFVQWLIAE,HSQGTFTSDYSKYLDSRRASEFVQWLIAE-,1.59,-11.8,6.85,-11.16,,
seq_pep62,HSQGTFTSDYSKYLDSRRASEFVQWLISE,HSQGTFTSDYSKYLDSRRASEFVQWLISE-,1.85,-11.73,6.9,-11.16,,
seq_pep63,HSQGTFTSDYSKYLDRAAASDFVQWLVAGG,HSQGTFTSDYSKYLDRAAASDFVQWLVAGG,85.1,-10.07,5.51,-11.26,,
seq_pep64,HSQGTFTSDYSKYLDSRSARDFVQWLVAGG,HSQGTFTSDYSKYLDSRSARDFVQWLVAGG,114,-9.94,2.85,-11.55,,
seq_pep65,HSQGTFTSDYSKYLDSRSASDFVQWLVAGG,HSQGTFTSDYSKYLDSRSASDFVQWLVAGG,204,-9.69,3.17,-11.5,,
seq_pep66,HSQGTFTSDYSKYLDEAAASDFVQWLVAGG,HSQGTFTSDYSKYLDEAAASDFVQWLVAGG,395,-9.4,3.89,-11.41,,
seq_pep67,HSQGTFTSDYSKYLDSEAASDFVQWLVAGG,HSQGTFTSDYSKYLDSEAASDFVQWLVAGG,481,-9.32,5,-11.3,,
seq_pep68,HSQGTFTSDYSKYLDSASASDFVQWLVAGG,HSQGTFTSDYSKYLDSASASDFVQWLVAGG,1430,-8.84,19.5,-10.71,,
seq_pep69,HSQGTFTSDYSKYLDSERARDFVQWLVAGG,HSQGTFTSDYSKYLDSERARDFVQWLVAGG,12.9,-10.89,3.69,-11.43,,
seq_pep70,HAEGTFTSDVSSYLEGQAAKFIAWLVKGR,HAEGTFTSDVSSYLEGQAAKFI-AWLVKGR,28200,-7.55,1320,-8.88,,
seq_pep71,HAEGTFTSDVSSYLEGAAKEFIAWLVKGR,HAEGTFTSDVSSYLE-GAAKEFIAWLVKGR,35600,-7.45,1900,-8.72,,
seq_pep72,HAEGTFTSDVSSYLEGQAEFIAWLVKGR,HAEGTFTSDVSSYLEG--QAEFIAWLVKGR,11000,-7.96,11000,-7.96,,
seq_pep73,HAEGTFTSDVSSYLEGQAKEFIAWLVKGR,HAEGTFTSDVSSYLEGQ-AKEFIAWLVKGR,16700,-7.78,543,-9.27,,
seq_pep74,HAEGTFTSDVSSYLEGQAAEFIAWLVKGR,HAEGTFTSDVSSYLEGQ-AAEFIAWLVKGR,35400,-7.45,300,-9.52,,
seq_pep75,HAEGTFTSDVSSYLEAAKEFIAWLVKGR,HAEGTFTSDVSSYLE--AAKEFIAWLVKGR,6600,-8.18,2060,-8.69,,
seq_pep76,HAEGTFTSDVSSYLEAAEFIAWLVKGR,HAEGTFTSDVSSYLE---AAEFIAWLVKGR,1630,-8.79,328,-9.48,,
seq_pep77,HAEGTFTSDVSSYLEAEFIAWLVKGR,HAEGTFTSDVSSYLE----AEFIAWLVKGR,32600,-7.49,1050,-8.98,,
seq_pep78,HRQGTFTSDYSKYLDSERARDFVQWLVAGG,HRQGTFTSDYSKYLDSERARDFVQWLVAGG,27700,-7.56,2750,-8.56,,
seq_pep79,HSIGTFTSDYSKYLDSERARDFVQWLVAGG,HSIGTFTSDYSKYLDSERARDFVQWLVAGG,68.1,-10.17,2.91,-11.54,,
seq_pep80,HSMGTFTSDYSKYLDSERARDFVQWLVAGG,HSMGTFTSDYSKYLDSERARDFVQWLVAGG,101,-10,4.27,-11.37,,
seq_pep81,HSQGTFTSDYSEYLDSERARDFVQWLVAGG,HSQGTFTSDYSEYLDSERARDFVQWLVAGG,700,-9.15,4.18,-11.38,,
seq_pep82,HSQGTFTSDYSKYLESERARDFVQWLVAGG,HSQGTFTSDYSKYLESERARDFVQWLVAGG,57.1,-10.24,3.71,-11.43,,
seq_pep83,HSQGTFTSDYSKYLDSERAREFVQWLVAGG,HSQGTFTSDYSKYLDSERAREFVQWLVAGG,3.59,-11.44,3.88,-11.41,,
seq_pep84,HSQGTFTSDYSKYLDSERARDFVEWLVAGG,HSQGTFTSDYSKYLDSERARDFVEWLVAGG,6.07,-11.22,3.26,-11.49,,
seq_pep85,HSQGTFTSDYSKYLDSERARDFVAWLVAGG,HSQGTFTSDYSKYLDSERARDFVAWLVAGG,5.93,-11.23,2.8,-11.55,,
seq_pep86,HSQGTFTSDYSKYLDSERARDFVQWLISE,HSQGTFTSDYSKYLDSERARDFVQWLISE-,2.86,-11.54,9.01,-11.05,,
seq_pep87,HSQGTFTSDYSKYLDSERARDFVQWLISEGPSSGAPPPS,HSQGTFTSDYSKYLDSERARDFVQWLISEG,14.1,-10.85,10.5,-10.98,,
seq_pep88,HSQGTFTSEYSKYLDSERARDFVQWLVAGG,HSQGTFTSEYSKYLDSERARDFVQWLVAGG,874,-9.06,23.2,-10.63,,
seq_pep89,HSQGTFTSDYSKYLDSERASEFVQWLISE,HSQGTFTSDYSKYLDSERASEFVQWLISE-,2.6,-11.59,9.4,-11.03,,
seq_pep90,HSQGTFTSDYSKYLDSIRASEFVQWLISE,HSQGTFTSDYSKYLDSIRASEFVQWLISE-,0.92,-12.03,6.42,-11.19,,
seq_pep91,HSQGTFTSDYSEYLDSRRASEFVQWLISE,HSQGTFTSDYSEYLDSRRASEFVQWLISE-,21,-10.68,7.16,-11.15,,
seq_pep92,HSQGTFTSDYSRYLDSRRASEFVQWLISE,HSQGTFTSDYSRYLDSRRASEFVQWLISE-,0.83,-12.08,4.47,-11.35,,
seq_pep93,HSQGTFTSDYSKYLDSRAASEFVQWLISE,HSQGTFTSDYSKYLDSRAASEFVQWLISE-,2.11,-11.68,1.57,-11.8,,
seq_pep94,HSIGTFTSDYSKYLDSRRASEFVQWLISE,HSIGTFTSDYSKYLDSRRASEFVQWLISE-,2.77,-11.56,6.28,-11.2,,
seq_pep95,HQGTFTSDYSKYLDSRRASEFVQWLISE,-HQGTFTSDYSKYLDSRRASEFVQWLISE-,210,-9.68,17600,-7.75,,
seq_pep96,HEGTFTSDVSSYLEGQAAKEFIAWLVKGR,HEGTFTSDVSSYLEGQAAKEFIAWLVKGR-,25500,-7.59,906,-9.04,,
seq_pep97,HAGTFTSDVSSYLEGQAAKEFIAWLVKGR,HA-GTFTSDVSSYLEGQAAKEFIAWLVKGR,26500,-7.58,1680,-8.77,,
seq_pep98,HAETFTSDVSSYLEGQAAKEFIAWLVKGR,HAET-FTSDVSSYLEGQAAKEFIAWLVKGR,33400,-7.48,33400,-7.48,,
seq_pep99,HAEGFTSDVSSYLEGQAAKEFIAWLVKGR,HAEG-FTSDVSSYLEGQAAKEFIAWLVKGR,7640,-8.12,6280,-8.2,,
seq_pep100,HAEGTTSDVSSYLEGQAAKEFIAWLVKGR,HAEGTTS-DVSSYLEGQAAKEFIAWLVKGR,29000,-7.54,29000,-7.54,,
seq_pep101,HAEGTFSDVSSYLEGQAAKEFIAWLVKGR,HAEGTFS-DVSSYLEGQAAKEFIAWLVKGR,14000,-7.85,5400,-8.27,,
seq_pep102,HAEGTFTDVSSYLEGQAAKEFIAWLVKGR,HAEGTFT-DVSSYLEGQAAKEFIAWLVKGR,27900,-7.55,27900,-7.55,,
seq_pep103,HAEGTFTSVSSYLEGQAAKEFIAWLVKGR,HAEGTFT-SVSSYLEGQAAKEFIAWLVKGR,32800,-7.48,32800,-7.48,,
seq_pep104,HAEGTFTSDSSYLEGQAAKEFIAWLVKGR,HAEGTFT-SDSSYLEGQAAKEFIAWLVKGR,29700,-7.53,5420,-8.27,,
seq_pep105,HAEGTFTSDVSYLEGQAAKEFIAWLVKGR,HAEGTFTSDV-SYLEGQAAKEFIAWLVKGR,23800,-7.62,1320,-8.88,,
seq_pep106,HAEGTFTSDVSSLEGQAAKEFIAWLVKGR,HAEGTFTSDVSSL-EGQAAKEFIAWLVKGR,35500,-7.45,9920,-8,,
seq_pep107,HAEGTFTSDVSSYEGQAAKEFIAWLVKGR,HAEGTFTSDVSSY-EGQAAKEFIAWLVKGR,36700,-7.44,6020,-8.22,,
seq_pep108,HAEGTFTSDVSSYLGQAAKEFIAWLVKGR,HAEGTFTSDVSSYL-GQAAKEFIAWLVKGR,29100,-7.54,2010,-8.7,,
seq_pep109,HAEGTFTSDVSSYLEQAAKEFIAWLVKGR,HAEGTFTSDVSSYLE-QAAKEFIAWLVKGR,24700,-7.61,2590,-8.59,,
seq_pep110,HAEGTFTSDVSSYLEGQAAKEIAWLVKGR,HAEGTFTSDVSSYLEGQAAKEI-AWLVKGR,29200,-7.53,8920,-8.05,,
seq_pep111,HAEGTFTSDVSSYLEGQAAKEFAWLVKGR,HAEGTFTSDVSSYLEGQAAKEF-AWLVKGR,18500,-7.73,6380,-8.2,,
seq_pep112,HAEGTFTSDVSSYLEGQAAKEFIWLVKGR,HAEGTFTSDVSSYLEGQAAKEF-IWLVKGR,25200,-7.6,315,-9.5,,
seq_pep113,HAEGTFTSDVSSYLEGQAAKEFIALVKGR,HAEGTFTSDVSSYLEGQAAKEF-IALVKGR,12200,-7.91,196,-9.71,,
seq_pep114,HAEGTFTSDVSSYLEGQAAKEFIAWVKGR,HAEGTFTSDVSSYLEGQAAKEFIAWV-KGR,22100,-7.66,6.84,-11.16,,
seq_pep115,HAEGTFTSDVSSYLEGQAAKEFIAWLKGR,HAEGTFTSDVSSYLEGQAAKEFIAWL-KGR,25000,-7.6,2.12,-11.67,,
seq_pep116,HAEGTFTSDVSSYLEGQAAKEFIAWLVGR,HAEGTFTSDVSSYLEGQAAKEFIAWLVGR-,10200,-7.99,9.53,-11.02,,
seq_pep117,HAEGTFTSDVSSYLEGQAAKEFIAWLVKR,HAEGTFTSDVSSYLEGQAAKEFIAWLVKR-,9280,-8.03,0.96,-12.02,,
seq_pep118,HSQGTFTSDYSKYLEEEAVRLFICWLMNT,HSQGTFTSDYSKYLEEEAVRLFICWLMNT-,51.6,-10.29,2.61,-11.58,,
seq_pep119,TNMLWQVFDQARRSDLYKSYDSTFTGQSH,TNMLWQVFDQARRSDLYKSYDSTFTGQSH-,28700,-7.54,28700,-7.54,,
seq_pep120,RGKVLWAIFEKAAQGELYSSVDSTFTGEAH,RGKVLWAIFEKAAQGELYSSVDSTFTGEAH,26200,-7.58,629,-9.2,,
seq_pep121,HGEGTFTSDVSSYMERQSVDEFIAWLLKGR,HGEGTFTSDVSSYMERQSVDEFIAWLLKGR,29000,-7.54,9.62,-11.02,,
seq_pep122,HGEGTFTSDVSSYMESQLVDEFIAWLLKGR,HGEGTFTSDVSSYMESQLVDEFIAWLLKGR,29400,-7.53,7.94,-11.1,,
seq_pep123,HGEGTFTSDVSSYMEPQSTDEFIAWLLKGR,HGEGTFTSDVSSYMEPQSTDEFIAWLLKGR,29500,-7.53,29500,-7.53,,
seq_pep124,HGEGTFTSDVSSYMDFQSLVEFLAWLLKGR,HGEGTFTSDVSSYMDFQSLVEFLAWLLKGR,29200,-7.53,598,-9.22,,
seq_pep125,HGEGTFTSDLSKQMDFESLVLFLEWLDNG,HGEGTFTSDLSKQMDFESLVLFLEWLDNG-,1110,-8.95,30200,-7.52,,
CHEMBL2104987,HGDGSFSDEMNTILDNLAARDFINWLIQTKITD,HGDGSFSDEMNTILDNLAARDFINWLIQTK,,,1000000,-6,,
CHEMBL2177395,HADGSFSDEMNTILDNLAARDFINWLIQTKITD,HADGSFSDEMNTILDNLAARDFINWLIQTK,,,520000,-6.283996656,,
CHEMBL3110305,HGEGTFTSDVCSYLEGQAAKEFIAWLVKGR,HGEGTFTSDVCSYLEGQAAKEFIAWLVKGR,,,6.4,-11.19382003,,
CHEMBL3110306,HGEGTFTSDVSSYLEGQAACEFIAWLVKGR,HGEGTFTSDVSSYLEGQAACEFIAWLVKGR,,,3.2,-11.49485002,,
CHEMBL3110307,HGEGTFTSDVSSYLEGQAAKEFIAWLVCGR,HGEGTFTSDVSSYLEGQAAKEFIAWLVCGR,,,4.9,-11.30980392,,
CHEMBL3110308,HGEGTFTSDVSSYLEGQAAKEFIAWLVKGC,HGEGTFTSDVSSYLEGQAAKEFIAWLVKGC,,,3.8,-11.4202164,,
CHEMBL3616711,HAEGTFTSDVSSYLEGQAAKEFIAWLVRGRG,HAEGTFTSDVSSYLEGQAAKEFIAWLVRGR,,,7.6,-11.11918641,,
CHEMBL3616718,H[Aib]EGTFTSDVSSYLEGQAAKEFIAWLVRGRG,H[Aib]EGTFTSDVSSYLEGQAAKEFIAWLVRGR,,,6.2,-11.20760831,,
CHEMBL3823088,HGDGSFSDEMNTILDNLAARDFINWLIQT,HGDGSFSDEMNTILDNLAARDFINWLIQT-,,,1000000,-6,,
CHEMBL3823117,HGDGSFSDEMNTILDNLAARDFINWLIQTKI,HGDGSFSDEMNTILDNLAARDFINWLIQTK,,,1000000,-6,,
CHEMBL3823225,HGD[a]SFSDE[Nle]NTILDNLAARDFINWLIQTK,HGD[a]SFSDE[Nle]NTILDNLAARDFINWLIQTK,,,1000000,-6,,
CHEMBL3823545,HGDGSFSDE[dNle]NTILDNLAARDFINWLIQTK,HGDGSFSDE[dNle]NTILDNLAARDFINWLIQTK,,,1000000,-6,,
CHEMBL3823681,HGDGSFSDEMNTILDNLAARDFINWLIQ,HGDGSFSDEMNTILDNLAARDFINWLIQ--,,,1000000,-6,,
CHEMBL3824136,HGDGSFSDEMNTILDNLAARDFINWLIQTKIT,HGDGSFSDEMNTILDNLAARDFINWLIQTK,,,1000000,-6,,
CHEMBL3824179,HGDGSFSDEMNTILDNLAARDFINWLIQTK,HGDGSFSDEMNTILDNLAARDFINWLIQTK,,,1000000,-6,,
CHEMBL3824226,HGDGSFSDEMNTILDNLAARDFINW,HGDGSFSDEMNTILDNLAARDFINW-----,,,1000000,-6,,
CHEMBL3824227,HGDGSFSDEMNTILDNLAARDFINWLI,HGDGSFSDEMNTILDNLAARDFINWLI---,,,1000000,-6,,
CHEMBL410972,HAEGTFTSDVSSYLEGQAAKEFIAWLVKGR,HAEGTFTSDVSSYLEGQAAKEFIAWLVKGR,1,-12,15400,-7.812479279,,
CHEMBL428139,HAEGTFTSDVSSYLEGQAAKEFIAWLVKGRG,HAEGTFTSDVSSYLEGQAAKEFIAWLVKGR,,,55,-10.25963731,,
CHEMBL499370,HGEGTFTSDVSSYLE[Aib]QAAKEFIAWLVKGRG,HGEGTFTSDVSSYLE[Aib]QAAKEFIAWLVKGR,,,27,-10.56863624,,
CHEMBL499930,HAEGTFTSDVSSYLEGQAAKEFIAWLVKGRG,HAEGTFTSDVSSYLEGQAAKEFIAWLVKGR,,,6,-11.22184875,,
CHEMBL500753,HAEGTFTSDCSSYCEGQAAKEIFAWLVKGR,HAEGTFTSDCSSYCEGQAAKEIFAWLVKGR,,,1400,-8.853871964,,
CHEMBL503836,HAEGTFTSDVSSYLEGQAAKEIFAWLVKGR,HAEGTFTSDVSSYLEGQAAKEIFAWLVKGR,,,3.631,-11.43997375,,
CHEMBL509016,HGEGTFTSDVSSYLEGQAAKEFIAWLVKGR,HGEGTFTSDVSSYLEGQAAKEFIAWLVKGR,,,8.2,-11.08618615,,
CHEMBL524660,HAEGTFTSDCSSYCEGQAAKEIFAWLVKGR,HAEGTFTSDCSSYCEGQAAKEIFAWLVKGR,,,19000,-7.721246399,,
CHEMBL525934,HGEGTFTSDVSSYLEEQAAKEFIAWLVKGRG,HGEGTFTSDVSSYLEEQAAKEFIAWLVKGR,,,3,-11.52287875,,
CHEMBL526685,HGEGTFTSDVSSYLEGQAAKEFIAWLVKGRG,HGEGTFTSDVSSYLEGQAAKEFIAWLVKGR,,,14,-10.85387196,,
CHEMBL583264,HAEGTFTSDVSSTLEGQAAKEFIAWLVKGR,HAEGTFTSDVSSTLEGQAAKEFIAWLVKGR,,,34,-10.46852108,,
DimarchiSequence_1,HSQGTFTSDYSKYLDSRRAQDFVQWLMNT,HSQGTFTSDYSKYLDSRRAQDFVQWLMNT-,150,-9.823908741,600,-9.22184875,,
DimarchiSequence_2,HSQGTFTSDYSKYLDERRAQDFVQWLMNT,HSQGTFTSDYSKYLDERRAQDFVQWLMNT-,50,-10.30103,170,-9.769551079,,
DimarchiSequence_3,HSQGTFTSDYSKYLDEQAAKEFIAWLMNT,HSQGTFTSDYSKYLDEQAAKEFIAWLMNT-,70,-10.15490196,30,-10.52287875,,
DimarchiSequence_4,HSQGTFTSDYSKYLDEQAAKEFIAWLVKG,HSQGTFTSDYSKYLDEQAAKEFIAWLVKG-,470,-9.327902142,20,-10.69897,,
DimarchiSequence_6,HSQGTFTSDYSKYLDERRAQDFVQWLMNT,HSQGTFTSDYSKYLDERRAQDFVQWLMNT-,50,-10.30103,50,-10.30103,,
DimarchiSequence_7,HSQGTFTSDYSKYLDERRAKDFVQWLMNT,HSQGTFTSDYSKYLDERRAKDFVQWLMNT-,60,-10.22184875,50,-10.30103,,
DimarchiSequence_8,HSQGTFTSDYSKYLDSRRAKDFVEWLMNT,HSQGTFTSDYSKYLDSRRAKDFVEWLMNT-,80,-10.09691001,240,-9.619788758,,
DimarchiSequence_9,H[Aib]QGTFTSDYSKYLDEQAAKEFICWLMNT,H[Aib]QGTFTSDYSKYLDEQAAKEFICWLMNT-,590,-9.229147988,10,-11,,
DimarchiSequence_11,H[Aib]QGTFTSDYSKYLDEQAAKEFICWLMNT,H[Aib]QGTFTSDYSKYLDEQAAKEFICWLMNT-,60,-10.22184875,10,-11,,
DimarchiOXM,HSQGTFTSDYSKYLDSRRAQDFVQWLMNTKRNRNIA,HSQGTFTSDYSKYLDSRRAQDFVQWLMNTK,6200,-8.207608311,2500,-8.602059991,,
DimarchiSequence_16,H[s]QGTFTSDYSKYLDSRRAQDFVQWLMNTKRNRNIA,H[s]QGTFTSDYSKYLDSRRAQDFVQWLMNTK,1500,-8.823908741,3400,-8.468521083,,
DimarchiSequence_17,H[s]EGTFTSDYSKYLDSRRAQDFVQWLMNTKRNRNIA,H[s]EGTFTSDYSKYLDSRRAQDFVQWLMNTK,1000,-9,1700,-8.769551079,,
DimarchiSequence_25,HGEGTFTSDLSKQMDSRRVRLFIEWLKNGGPSSGAPPPS,HGEGTFTSDLSKQMDSRRVRLFIEWLKNGG,10000000,-5,2,-11.69897,,
DimarchiSequence_26,HGEGTFTSDLSKQMDSRRAQDFIEWLKNGGPSSGAPPPS,HGEGTFTSDLSKQMDSRRAQDFIEWLKNGG,5700000,-5.244125144,17,-10.76955108,,
DimarchiSequence_27,HGEGTFTSDLSKQMDSRRAQDFVQWLKNGGPSSGAPPPS,HGEGTFTSDLSKQMDSRRAQDFVQWLKNGG,10000000,-5,22,-10.65757732,,
DimarchiSequence_28,HGEGTFTSDLSKDSRRAQVQEEAVRLFIEWLKNGGPSSGAPPPS,HGEGTFTSDLSKDSRRAQVQEEAVRLFIEW,10000000,-5,56,-10.25181197,,
DimarchiSequence_29,HGEGTFTSDLSKQMEEEAVRLFIEWLMNTKRNRGAPPPS,HGEGTFTSDLSKQMEEEAVRLFIEWLMNTK,10000000,-5,1,-12,,
DimarchiSequence_30,HSQGTFTSDLSKQMDSRRAQDFIEWLKNGGPSSGAPPPS,HSQGTFTSDLSKQMDSRRAQDFIEWLKNGG,26,-10.58502665,12,-10.92081875,,
DimarchiSequence_31,HSQGTFTSDLSKQMDSRRAQDFIEWLKNG,HSQGTFTSDLSKQMDSRRAQDFIEWLKNG-,2,-11.69897,8,-11.09691001,,
DimarchiSequence_32,HSQGTFTSDLSKQMDSRRAQDFIEWLKNGGPSSG,HSQGTFTSDLSKQMDSRRAQDFIEWLKNGG,9,-11.04575749,15,-10.82390874,,
DimarchiSequence_33,HSQGTFTSDLSKQMDSRRAQDFIEWLKNGGPSSNNIA,HSQGTFTSDLSKQMDSRRAQDFIEWLKNGG,16,-10.79588002,17,-10.76955108,,
DimarchiSequence_34,HSQGTFTSDLSKQMEEEAVRLFIEWLMNTKRNRGAPPPS,HSQGTFTSDLSKQMEEEAVRLFIEWLMNTK,1240,-8.906578315,2,-11.69897,,
DimarchiSequence_35,HSEGTFTSDLSKQMDSRRAQDFIEWLKNGGPSSGAPPPS,HSEGTFTSDLSKQMDSRRAQDFIEWLKNGG,170000,-6.769551079,31,-10.50863831,,
DimarchiSequence_36,H[s]QGTFTSDLSKQ[K(yE-C16)]DSRRAQDFIEWLKNGGPSSGAPPPS,H[s]QGTFTSDLSKQ[K(yE-C16)]DSRRAQDFIEWLKNGG,1,-12,4,-11.39794001,,
DimarchiSequence_37,H[s]QGTFTSDLSKQMDSRRAQDFIEWLKNGGPSSGAPPP[K(yE-C16)],H[s]QGTFTSDLSKQMDSRRAQDFIEWLKNGG,6,-11.22184875,5,-11.30103,,
DimarchiSequence_38,HSQGTFTSDYSKYLDEQAAKEFIAWLMNT,HSQGTFTSDYSKYLDEQAAKEFIAWLMNT-,30,-10.52287875,20,-10.69897,6260,-8.203425667
DimarchiSequence_39,HSQGTFTSDYSKYLDEIHQKEFIAWLMNT,HSQGTFTSDYSKYLDEIHQKEFIAWLMNT-,130,-9.886056648,140,-9.853871964,5530,-8.257274869
DimarchiSequence_40,HSQGTFTSDYSKYLDEQAAKEFIAWLMNGGPSSGAPPPS,HSQGTFTSDYSKYLDEQAAKEFIAWLMNGG,60,-10.22184875,20,-10.69897,14600,-7.835647144
DimarchiSequence_41,YSQGTFTSDYSKYLDEQAAKEFIAWLMNGGPSSGAPPPS,YSQGTFTSDYSKYLDEQAAKEFIAWLMNGG,60,-10.22184875,120,-9.920818754,3050,-8.515700161
DimarchiSequence_42,YSQGTFTSDYSKYLDEQAAKEFVNWLLAGGPSSGAPPPS,YSQGTFTSDYSKYLDEQAAKEFVNWLLAGG,40,-10.39794001,40,-10.39794001,560,-9.251811973
DimarchiSequence_43,Y[Aib]QGTFTSDYSIYLDEQAAKEFVNWLLAGGPSSGAPPPS,Y[Aib]QGTFTSDYSIYLDEQAAKEFVNWLLAGG,190,-9.721246399,10,-11,180,-9.744727495
DimarchiSequence_44,Y[Aib]QGTFTSDYSIYLDEQAA[Aib]EFVNWLLAGGPSSGAPPPSC,Y[Aib]QGTFTSDYSIYLDEQAA[Aib]EFVNWLLAGG,3460,-8.460923901,20,-10.69897,40,-10.39794001
DimarchiSequence_45,Y[Aib]EGTFTSDYSIYLDKQAA[Aib]EFVNWLLAGGPSSGAPPPSC,Y[Aib]EGTFTSDYSIYLDKQAA[Aib]EFVNWLLAGG,59000,-7.229147988,10,-11,3,-11.52287875
DimarchiSequence_46,Y[Aib]EGTFTSDYSIYLDKQAA[Aib]EFVNWLLAGGPSSGAPPPSK,Y[Aib]EGTFTSDYSIYLDKQAA[Aib]EFVNWLLAGG,6310,-8.199970641,20,-10.69897,10,-11
DimarchiSequence_47,Y[Aib]EGTFTSDYSIYLDKQAA[Aib]EFVNWLLAGGPSSGAPPPSZ,Y[Aib]EGTFTSDYSIYLDKQAA[Aib]EFVNWLLAGG,1290,-8.88941029,10,-11,3,-11.52287875
DimarchiSequence_48,Y[Aib]EGTFTSDYSIYLDKQAA[Aib]EFVCWLLAGGPSSGAPPPSK,Y[Aib]EGTFTSDYSIYLDKQAA[Aib]EFVCWLLAGG,13200,-7.879426069,20,-10.69897,10,-11
DimarchiSequence_5,HSEGTFTSDYSKYLDEQAAKEFIAWLMNT,HSEGTFTSDYSKYLDEQAAKEFIAWLMNT-,5225,-8.281913705,30,-10.52287875,867,-9.061980903
DimarchiSequence_50,H[s]QGTFTSD[K(yE-C16)]SKYLDEQAAKEFIAWLMNT,H[s]QGTFTSD[K(yE-C16)]SKYLDEQAAKEFIAWLMNT-,41,-10.38721614,39,-10.40893539,2691,-8.570086302
DimarchiSequence_51,H[Aib]QGTFTSD[K(yE-C16)]SKYLD[Aib]RAAQDFVQWLMDT,H[Aib]QGTFTSD[K(yE-C16)]SKYLD[Aib]RAAQDFVQWLMDT-,28,-10.55284197,15,-10.82390874,2194,-8.658763377
DimarchiSequence_52,H[Aib]QGTFTSD[K(yE-C16)]SKYLDEQAAKEFIAWLLDT,H[Aib]QGTFTSD[K(yE-C16)]SKYLDEQAAKEFIAWLLDT-,3,-11.52287875,3,-11.52287875,3545,-8.45038376
DimarchiSequence_53,H[Aib]QGTFTSD[K(yE-C16)]SKYLDERAAQDFVQWLLDT,H[Aib]QGTFTSD[K(yE-C16)]SKYLDERAAQDFVQWLLDT-,5,-11.30103,68,-10.16749109,2032,-8.692076296
DimarchiSequence_54,H[s]QGTFTSD[K(yE-C16)]SKYLDERAAQDFVQWLLDT,H[s]QGTFTSD[K(yE-C16)]SKYLDERAAQDFVQWLLDT-,6,-11.22184875,3,-11.52287875,1654,-8.781464495
DimarchiSequence_55,HGQGTFTSD[K(yE-C16)]SKYLDERAAQDFVQWLLDT,HGQGTFTSD[K(yE-C16)]SKYLDERAAQDFVQWLLDT-,5,-11.30103,93,-10.03151705,1103,-8.957424488
DimarchiSequence_56,H[Sar]QGTFTSD[K(yE-C16)]SKYLDERAAQDFVQWLLDT,H[Sar]QGTFTSD[K(yE-C16)]SKYLDERAAQDFVQWLLDT--,16,-10.79588002,115,-9.93930216,5828,-8.234480457
DimarchiSequence_57,H[a]QGTFTSD[K(yE-C16)]SKYLDERAAQDFVQWLLDT,H[a]QGTFTSD[K(yE-C16)]SKYLDERAAQDFVQWLLDT-,9,-11.04575749,40,-10.39794001,1646,-8.783570169
DimarchiSequence_58,H[s]QGTFTSD[K(yE-C16)]SKYLDERAAQDFVQWLLDGRG,H[s]QGTFTSD[K(yE-C16)]SKYLDERAAQDFVQWLLDGR,4,-11.39794001,2,-11.69897,812,-9.090443971
DimarchiSequence_59,H[s]QGTFTSD[K(yE-C16)]SKYLDERAAQDFVQWLLDGGPSSGAPPPS,H[s]QGTFTSD[K(yE-C16)]SKYLDERAAQDFVQWLLDGG,3,-11.52287875,2,-11.69897,85,-10.07058107
DimarchiSequence_60,H[Aib]QGTFTSD[K(yE-C16)]SKYLDERAAQDFVQWLLDGGPSSGAPPPS,H[Aib]QGTFTSD[K(yE-C16)]SKYLDERAAQDFVQWLLDGG,4,-11.39794001,3,-11.52287875,3,-11.52287875
DimarchiSequence_61,H[Aib]QGTFTSD[K(yE-C16)]SKYLDERAAQDFVQWLLDGRG,H[Aib]QGTFTSD[K(yE-C16)]SKYLDERAAQDFVQWLLDGR,7,-11.15490196,4,-11.39794001,133,-9.876148359
DimarchiSequence_62,Y[Aib]QGTFISD[K(yE-C16)]SIYLDKQAA[Aib]EFVNWLLAGGPSSGAPPPS[K(yE-C16)],Y[Aib]QGTFISD[K(yE-C16)]SIYLDKQAA[Aib]EFVNWLLAGG,8,-11.09691001,568,-9.245651664,4,-11.39794001
evars_glucagon,HSQGTFTSDYSKYLDSRRAQDFVQWLMNT,HSQGTFTSDYSKYLDSRRAQDFVQWLMNT-,0.5,-12.30103,43.9,-10.35753548,100000000,-4
evars_exendin4,HGEGTFTSDLSKQMEEEAVRLFIEWLKNGGPSSGAPPPS,HGEGTFTSDLSKQMEEEAVRLFIEWLKNGG,100000000,-4,0.4,-12.39794001,200000,-6.698970004
evars_sequence1,H[s]QGTFTSDLSKQ[K(yE-C16)]DSRRAQDFIEWLKNGGPSSGAPPPS,H[s]QGTFTSDLSKQ[K(yE-C16)]DSRRAQDFIEWLKNGG,0.7,-12.15490196,3.9,-11.40893539,1210,-8.91721463
evars_GLP1,HAEGTFTSDVSSYLEGQAAKEFIAWLVKGR,HAEGTFTSDVSSYLEGQAAKEFIAWLVKGR,100000000,-4,0.9,-12.04575749,100000000,-4
evars_liraglutide,HAEGTFTSDVSSYLEGQAA[K(yE-C16)]EFIAWLVRGRG,HAEGTFTSDVSSYLEGQAA[K(yE-C16)]EFIAWLVRGR,100000000,-4,6.4,-11.19382003,100000000,-4
evars_GIP,YAEGTFISDYSIAMDKIHQQDFVNWLLAQKGKKNDWKHNITQ,YAEGTFISDYSIAMDKIHQQDFVNWLLAQK,100000000,-4,200000,-6.698970004,0.4,-12.39794001
evar_sequence2,H[Aib]QGTFTSDLSKQ[K(yE-C18)]DEQRAKEFIEWLKAGGPSSGAPPPS,H[Aib]QGTFTSDLSKQ[K(yE-C18)]DEQRAKEFIEWLKAGG,1.9,-11.7212464,2.5,-11.60205999,39.7,-10.40120949
evar_sequence3,H[Aib]QGTFTSDLSKQ[K(yE-C18)]DEQRAKEFIEWL[Aib]AGGPSSGAPPPS,H[Aib]QGTFTSDLSKQ[K(yE-C18)]DEQRAKEFIEWL[Aib]AGG,6.7,-11.1739252,1.4,-11.85387196,102,-9.991399828
evar_sequence4,H[Aib]QGTFTSDLSKQ[K(yE-C18)]DEQRAKLFIEWL[Aib]AGGPSSGAPPPS,H[Aib]QGTFTSDLSKQ[K(yE-C18)]DEQRAKLFIEWL[Aib]AGG,15.4,-10.81247928,6.4,-11.19382003,1160,-8.935542011
evar_sequence5,H[Aib]QGTFTSDLSKQ[K(yE-yE-C16)]DEQRAKLFIEWL[Aib]AGGPSSGAPPPS,H[Aib]QGTFTSDLSKQ[K(yE-yE-C16)]DEQRAKLFIEWL[Aib]AGG,27.6,-10.55909092,2.2,-11.65757732,2031,-8.692290077
evar_sequence6,H[Aib]QGTFTSDLSKQ[K(yE-yE-C16)]DEQRAKLFIEWLKAGGPSSGAPPPS,H[Aib]QGTFTSDLSKQ[K(yE-yE-C16)]DEQRAKLFIEWLKAGG,4.4,-11.35654732,2.2,-11.65757732,224,-9.649751982
evar_sequence7,H[Aib]QGTFTSDLSKQ[K(yE-yE-C16)]DEQRAKLFIEWLLAGGPSSGAPPPS,H[Aib]QGTFTSDLSKQ[K(yE-yE-C16)]DEQRAKLFIEWLLAGG,1.6,-11.79588002,4.8,-11.31875876,189,-9.723538196
evar_sequence8,H[Aib]QGTFTSDLSKQ[K(yE-yE-C16)]DEQRAKLFIEWLIAGGPSSGAPPPS,H[Aib]QGTFTSDLSKQ[K(yE-yE-C16)]DEQRAKLFIEWLIAGG,2.5,-11.60205999,5.3,-11.27572413,58.2,-10.23507702
evar_sequence9,H[Aib]QGTFTSDLSKQKDEQRAKLFIEWL[Aib]AGGPSSGAPPPS,H[Aib]QGTFTSDLSKQKDEQRAKLFIEWL[Aib]AGG,42900,-7.367542708,52.5,-10.2798407,177000,-6.752026734
evar_sequence10,H[Aib]QGTFTSDLSKQLDEQRAKLFIEWL[Aib]AGGPSSGAPPPS,H[Aib]QGTFTSDLSKQLDEQRAKLFIEWL[Aib]AGG,3090,-8.510041521,8,-11.09691001,114000,-6.943095149
evar_sequence12,H[Aib]QGTFTSDLSKQ[K(yE-yE-C16)]DEQRAKLFIEWL[Aib]AGGPPS[Aib]KPPPK,H[Aib]QGTFTSDLSKQ[K(yE-yE-C16)]DEQRAKLFIEWL[Aib]AGG,29,-10.537602,1.8,-11.74472749,2032,-8.692076296
knerr_sequence4,Y[Aib]EGTFTSDYSIYLDKQAA[Aib]EFVNWLLAGGPSSGAPPPS[K(yE-C16)],Y[Aib]EGTFTSDYSIYLDKQAA[Aib]EFVNWLLAGGPSSGAPPPS[K(C16)],3.6,-11.4436975,4.8,-11.31875876,2333.8,-8.631936364
knerr_sequence5,Y[Aib]QGTFTSDYSIYLDKQAA[Aib]EFVNWLLAGGPSSGAPPPS[K(yE-C16)],Y[Aib]QGTFTSDYSIYLDKQAA[Aib]EFVNWLLAGGPSSGAPPPS[K(C16)],3.5,-11.45593196,6,-11.22184875,29,-10.537602
knerr_sequence6,Y[Aib]QGTFTSDYSIYLDKQAA[Aib]EFVNWLLAGGPSSGAPPPS[K(OEG-OEG-yE-C18)],Y[Aib]QGTFTSDYSIYLDKQAA[Aib]EFVNWLLAGGPSSGAPPPS[K(OEG-OEG-yE-C18)],11.7,-10.93181414,44.5,-10.35163999,703.4,-9.152797636
knerr_sequence7,Y[Aib]QGTFTSDYSIYLD[K(OEG-OEG-yE-C18)]QAA[Aib]EFVNWLLAGGPSSGAPPPS,Y[Aib]QGTFTSDYSIYLD[K(OEG-OEG-yE-C18)]QAA[Aib]EFVNWLLAGGPSSGAPPPS,7.4,-11.13076828,27.4,-10.56224944,81.9,-10.0867161
knerr_sequence8,Y[Aib]QGTFTSDYSIYLD[K(OEG-OEG-yE-C20)]QAA[Aib]EFVNWLLAGGPSSGAPPPS,Y[Aib]QGTFTSDYSIYLD[K(OEG-OEG-yE-C20)]QAA[Aib]EFVNWLLAGGPSSGAPPPS,6.8,-11.16749109,26.7,-10.57348874,163.4,-9.786747948
knerr_sequence9,Y[Aib]QGTFTSDYSIYLE[K(OEG-OEG-yE-C20)]QAA[Aib]EFVQWLLEGGPSSGAPPPS,Y[Aib]QGTFTSDYSIYLE[K(OEG-OEG-yE-C20)]QAA[Aib]EFVQWLLEGGPSSGAPPPS,3.1,-11.50863831,11.4,-10.94309515,185,-9.732828272
knerr_sequence10,Y[Aib]QGTFTSDYSIYLE[K(eK-eK-yE-C20)]QAA[Aib]EFVQWLLEGGPSSGAPPPS,Y[Aib]QGTFTSDYSIYLE[K(eK-eK-yE-C20)]QAA[Aib]EFVQWLLEGGPSSGAPPPS,2.8,-11.55284197,7,-11.15490196,86.6,-10.06248211
knerr_sequence11,Y[Aib]HGTFTSDYSIYLE[K(eK-eK-yE-C20)]QAA[Aib]EFVQWLLEGGPSSGAPPPS,Y[Aib]HGTFTSDYSIYLE[K(eK-eK-yE-C20)]QAA[Aib]EFVQWLLEGGPSSGAPPPS,106.4,-9.973058372,7.1,-11.14874165,72.1,-10.14206474
knerr_sequence12,H[Aib]QGTFTSDYSIYLE[K(eK-eK-yE-C20)]QAA[Aib]EFVQWLLEGGPSSGAPPPS,H[Aib]QGTFTSDYSIYLE[K(eK-eK-yE-C20)]QAA[Aib]EFVQWLLEGGPSSGAPPPS,1.7,-11.76955108,55,-10.25963731,357.1,-9.44721015
knerr_sequence13,H[Aib]HGTFTSDYSIYLE[K(eK-eK-yE-C20)]QAA[Aib]EFVQWLLEGGPSSGAPPPS,H[Aib]HGTFTSDYSIYLE[K(eK-eK-yE-C20)]QAA[Aib]EFVQWLLEGGPSSGAPPPS,2,-11.69897,7.1,-11.14874165,48.7,-10.31247104
knerr_sequence14,H[Aib]HGTFTSDYSIYLE[K(eK-eK-yE-C20)]KAA[Aib]EFVQWLLEGGPSSGAPPPS,H[Aib]HGTFTSDYSIYLE[K(eK-eK-yE-C20)]KAA[Aib]EFVQWLLEGGPSSGAPPPS,3.3,-11.48148606,7.3,-11.13667714,13.7,-10.86327943
knerr_sequence15,H[Aib]HGTFTSDYSIYLE[K(eK-eK-yE-C20)]QYA[Aib]EFVQWLLEGGPSSGAPPPS,H[Aib]HGTFTSDYSIYLE[K(eK-eK-yE-C20)]QYA[Aib]EFVQWLLEGGPSSGAPPPS,6.8,-11.16749109,7.7,-11.11350927,13.1,-10.8827287
knerr_sequence16,H[Aib]HGTFTSDYSIYLE[K(eK-eK-yE-C20)]KYA[Aib]EFVQWLLEGGPSSGAPPPS,H[Aib]HGTFTSDYSIYLE[K(eK-eK-yE-C20)]KYA[Aib]EFVQWLLEGGPSSGAPPPS,3.9,-11.40893539,15.6,-10.8068754,9.3,-11.03151705
tirzepatide,Y[Aib]EGTFTSDYSI[Aib]LDKIAQ[K(OEG-OEG-yE-C20DA)]AFVQWLIAGGPSSGAPPS,Y[Aib]EGTFTSDYSI[Aib]LDKIAQ[K(OEG-OEG-yE-C20DA)]AFVQWLIAGGPSSGAPPS,,,617,-9.209714836,379,-9.42136079
semaglutide,H[Aib]EGTFTSDVSSYLEGQAA[K(OEG-OEG-yE-C18DA)]EFIAWLVRGRG,H[Aib]EGTFTSDVSSYLEGQAA[K(OEG-OEG-yE-C18DA)]EFIAWLVRGRG,100000000,-4,6.2,-11.20760831,100000000,-4
